{
  "eye_infos": {
    "left_eye_info": {
      "top-left": [0.29233015547815544, 5.5785475216078435],
      "top-right": [0.7590032815185789, 5.5785475216078435],
      "bottom-right": [0.7590032815185789, 5.333244980996854],
      "bottom-left": [0.29233015547815544, 5.333244980996854]
    },
    "right_eye_info": {
      "top-left": [-0.29233015547815544, 5.5785475216078435],
      "top-right": [-0.7590032815185789, 5.5785475216078435],
      "bottom-right": [-0.7590032815185789, 5.333244980996854],
      "bottom-left": [-0.29233015547815544, 5.333244980996854]
    }
  }
}
