{
  "eye_infos": {
    "left_eye_info": {
      "top-left": [0.30913394041520786, 4.731650783410387],
      "top-right": [0.7817900552510214, 4.731650783410387],
      "bottom-right": [0.7817900552510214, 4.318824556528474],
      "bottom-left": [0.30913394041520786, 4.318824556528474]
    },
    "right_eye_info": {
      "top-left": [-0.30913394041520786, 4.731650783410387],
      "top-right": [-0.7817900552510214, 4.731650783410387],
      "bottom-right": [-0.7817900552510214, 4.318824556528474],
      "bottom-left": [-0.30913394041520786, 4.318824556528474]
    }
  }
}
