{
  "eye_infos": {
    "left_eye_info": {
      "top-left": [0.25535831798627995, 8.397750538835624],
      "top-right": [0.7248815485448703, 8.397750538835624],
      "bottom-right": [0.7248815485448703, 8.00287327833988],
      "bottom-left": [0.25535831798627995, 8.00287327833988]
    },
    "right_eye_info": {
      "top-left": [-0.25535831798627995, 8.394946426628252],
      "top-right": [-0.7204089731959771, 8.394946426628252],
      "bottom-right": [-0.7204089731959771, 8.0014420260662],
      "bottom-left": [-0.25535831798627995, 8.0014420260662]
    }
  }
}
